accept	command-control	{"messageType":"command","requestId":"1","sessionId":"11111111-2222-3333-4444-555555555555","command":"Stop"}
accept	optional-empty	{"messageType":"command","requestId":"1","sessionId":"11111111-2222-3333-4444-555555555555","command":"Stop","futureNote":""}
accept	optional-null	{"messageType":"command","requestId":"1","sessionId":"11111111-2222-3333-4444-555555555555","command":"Stop","futureNote":null}
accept	optional-true	{"messageType":"command","requestId":"1","sessionId":"11111111-2222-3333-4444-555555555555","command":"Stop","futureNote":true}
accept	optional-false	{"messageType":"command","requestId":"1","sessionId":"11111111-2222-3333-4444-555555555555","command":"Stop","futureNote":false}
accept	optional-string	{"messageType":"command","requestId":"1","sessionId":"11111111-2222-3333-4444-555555555555","command":"Stop","futureNote":"note"}
accept	optional-number-zero	{"messageType":"command","requestId":"1","sessionId":"11111111-2222-3333-4444-555555555555","command":"Stop","futureNumber":0}
accept	optional-number-minus-zero	{"messageType":"command","requestId":"1","sessionId":"11111111-2222-3333-4444-555555555555","command":"Stop","futureNumber":-0}
accept	optional-number-fraction	{"messageType":"command","requestId":"1","sessionId":"11111111-2222-3333-4444-555555555555","command":"Stop","futureNumber":1.5}
accept	optional-number-finite-exponent	{"messageType":"command","requestId":"1","sessionId":"11111111-2222-3333-4444-555555555555","command":"Stop","futureNumber":1e308}
reject	optional-number-infinite	{"messageType":"command","requestId":"1","sessionId":"11111111-2222-3333-4444-555555555555","command":"Stop","futureNumber":1e400}
reject	optional-number-infinity-token	{"messageType":"command","requestId":"1","sessionId":"11111111-2222-3333-4444-555555555555","command":"Stop","futureNumber":Infinity}
accept	hello-control	{"messageType":"hello","product":"scrcpy-seamless","protocolMajor":1,"protocolMinor":0,"requiredCapabilities":[],"supportedCapabilities":[]}
reject	version-minus-zero	{"messageType":"hello","product":"scrcpy-seamless","protocolMajor":1,"protocolMinor":-0,"requiredCapabilities":[],"supportedCapabilities":[]}
reject	version-decimal-zero	{"messageType":"hello","product":"scrcpy-seamless","protocolMajor":1,"protocolMinor":0.0,"requiredCapabilities":[],"supportedCapabilities":[]}
reject	version-exponent-zero	{"messageType":"hello","product":"scrcpy-seamless","protocolMajor":1,"protocolMinor":0e0,"requiredCapabilities":[],"supportedCapabilities":[]}
accept	version-maximum	{"messageType":"hello","product":"scrcpy-seamless","protocolMajor":1,"protocolMinor":65535,"requiredCapabilities":[],"supportedCapabilities":[]}
reject	version-overflow	{"messageType":"hello","product":"scrcpy-seamless","protocolMajor":1,"protocolMinor":65536,"requiredCapabilities":[],"supportedCapabilities":[]}
accept	unicode-capability-order	{"messageType":"hello","product":"scrcpy-seamless","protocolMajor":1,"protocolMinor":0,"requiredCapabilities":[],"supportedCapabilities":["\uE000","\uD800\uDC00"]}
accept	flat-capabilities	{"messageType":"hello","product":"scrcpy-seamless","protocolMajor":1,"protocolMinor":0,"requiredCapabilities":[],"supportedCapabilities":["stop","focus-window"]}
reject	nested-unknown-object	{"messageType":"command","requestId":"1","sessionId":"11111111-2222-3333-4444-555555555555","command":"Stop","future":{}}
reject	nested-unknown-array	{"messageType":"command","requestId":"1","sessionId":"11111111-2222-3333-4444-555555555555","command":"Stop","future":[]}
reject	deep-unknown-object	{"messageType":"command","requestId":"1","sessionId":"11111111-2222-3333-4444-555555555555","command":"Stop","future":{"x":{"x":{"x":{"x":{"x":{"x":{"x":{"x":{"x":{"x":{"x":{"x":{"x":{"x":{"x":{"x":{"x":{"x":{"x":{"x":{"x":{"x":{"x":{"x":{"x":{"x":{"x":{"x":{"x":{"x":{"x":{"x":{"x":{"x":{"x":{"x":{"x":{"x":{"x":{"x":{"x":{"x":{"x":{"x":{"x":{"x":{"x":{"x":0}}}}}}}}}}}}}}}}}}}}}}}}}}}}}}}}}}}}}}}}}}}}}}}}}
reject	escaped-equivalent-duplicate	{"messageType":"command","requestId":"1","sessionId":"11111111-2222-3333-4444-555555555555","command":"Stop","future":1,"fut\u0075re":2}
reject	property-name-empty	{"messageType":"command","requestId":"1","sessionId":"11111111-2222-3333-4444-555555555555","command":"Stop","":1}
reject	property-name-over-limit	{"messageType":"command","requestId":"1","sessionId":"11111111-2222-3333-4444-555555555555","command":"Stop","aaaaaaaaaaaaaaaaaaaaaaaaaaaaaaaaaaaaaaaaaaaaaaaaaaaaaaaaaaaaaaaaaaaaaaaaaaaaaaaaaaaaaaaaaaaaaaaaaaaaaaaaaaaaaaaaaaaaaaaaaaaaaaaaaaaaaaaaaaaaaaaaaaaaaaaaaaaaaaaaaaaaaaaaaaaaaaaaaaaaaaaaaaaaaaaaaaaaaaaaaaaaaaaaaaaaaaaaaaaaaaaaaaaaaaaaaaaaaaaaaaaaaaaaaaaaaaaaa":1}
reject	optional-string-over-limit	{"messageType":"command","requestId":"1","sessionId":"11111111-2222-3333-4444-555555555555","command":"Stop","futureNote":"xxxxxxxxxxxxxxxxxxxxxxxxxxxxxxxxxxxxxxxxxxxxxxxxxxxxxxxxxxxxxxxxxxxxxxxxxxxxxxxxxxxxxxxxxxxxxxxxxxxxxxxxxxxxxxxxxxxxxxxxxxxxxxxxxxxxxxxxxxxxxxxxxxxxxxxxxxxxxxxxxxxxxxxxxxxxxxxxxxxxxxxxxxxxxxxxxxxxxxxxxxxxxxxxxxxxxxxxxxxxxxxxxxxxxxxxxxxxxxxxxxxxxxxxxxxxxxxxx"}
reject	optional-string-nul	{"messageType":"command","requestId":"1","sessionId":"11111111-2222-3333-4444-555555555555","command":"Stop","futureNote":"hi\u0000bye"}
accept	capability-64-bytes	{"messageType":"hello","product":"scrcpy-seamless","protocolMajor":1,"protocolMinor":0,"requiredCapabilities":[],"supportedCapabilities":["xxxxxxxxxxxxxxxxxxxxxxxxxxxxxxxxxxxxxxxxxxxxxxxxxxxxxxxxxxxxxxxx"]}
reject	capability-65-bytes	{"messageType":"hello","product":"scrcpy-seamless","protocolMajor":1,"protocolMinor":0,"requiredCapabilities":[],"supportedCapabilities":["xxxxxxxxxxxxxxxxxxxxxxxxxxxxxxxxxxxxxxxxxxxxxxxxxxxxxxxxxxxxxxxxx"]}
reject	capability-duplicate	{"messageType":"hello","product":"scrcpy-seamless","protocolMajor":1,"protocolMinor":0,"requiredCapabilities":[],"supportedCapabilities":["stop","stop"]}
reject	capability-nul	{"messageType":"hello","product":"scrcpy-seamless","protocolMajor":1,"protocolMinor":0,"requiredCapabilities":[],"supportedCapabilities":["stop\u0000"]}
accept	request-uint64-max	{"messageType":"command","requestId":"18446744073709551615","sessionId":"11111111-2222-3333-4444-555555555555","command":"Stop"}
reject	request-zero	{"messageType":"command","requestId":"0","sessionId":"11111111-2222-3333-4444-555555555555","command":"Stop"}
reject	request-leading-zero	{"messageType":"command","requestId":"01","sessionId":"11111111-2222-3333-4444-555555555555","command":"Stop"}
reject	request-plus	{"messageType":"command","requestId":"+1","sessionId":"11111111-2222-3333-4444-555555555555","command":"Stop"}
reject	request-minus	{"messageType":"command","requestId":"-1","sessionId":"11111111-2222-3333-4444-555555555555","command":"Stop"}
reject	request-overflow	{"messageType":"command","requestId":"18446744073709551616","sessionId":"11111111-2222-3333-4444-555555555555","command":"Stop"}
accept	lifecycle-control	{"messageType":"lifecycle","sequence":"1","utc":"2026-02-28T00:00:00.000Z","monotonicMicroseconds":"0","sessionId":"11111111-2222-3333-4444-555555555555","connectionAttemptId":null,"subsystem":"native","eventType":"NativeReady","reason":"none","error":"none"}
accept	lifecycle-leap-day	{"messageType":"lifecycle","sequence":"1","utc":"2024-02-29T00:00:00.000Z","monotonicMicroseconds":"0","sessionId":"11111111-2222-3333-4444-555555555555","connectionAttemptId":null,"subsystem":"native","eventType":"NativeReady","reason":"none","error":"none"}
reject	lifecycle-invalid-calendar	{"messageType":"lifecycle","sequence":"1","utc":"2026-02-30T00:00:00.000Z","monotonicMicroseconds":"0","sessionId":"11111111-2222-3333-4444-555555555555","connectionAttemptId":null,"subsystem":"native","eventType":"NativeReady","reason":"none","error":"none"}
reject	sequence-zero	{"messageType":"lifecycle","sequence":"0","utc":"2026-02-28T00:00:00.000Z","monotonicMicroseconds":"0","sessionId":"11111111-2222-3333-4444-555555555555","connectionAttemptId":null,"subsystem":"native","eventType":"NativeReady","reason":"none","error":"none"}
reject	sequence-leading-zero	{"messageType":"lifecycle","sequence":"01","utc":"2026-02-28T00:00:00.000Z","monotonicMicroseconds":"0","sessionId":"11111111-2222-3333-4444-555555555555","connectionAttemptId":null,"subsystem":"native","eventType":"NativeReady","reason":"none","error":"none"}
accept	monotonic-uint64-max	{"messageType":"lifecycle","sequence":"1","utc":"2026-02-28T00:00:00.000Z","monotonicMicroseconds":"18446744073709551615","sessionId":"11111111-2222-3333-4444-555555555555","connectionAttemptId":null,"subsystem":"native","eventType":"NativeReady","reason":"none","error":"none"}
reject	monotonic-leading-zero	{"messageType":"lifecycle","sequence":"1","utc":"2026-02-28T00:00:00.000Z","monotonicMicroseconds":"00","sessionId":"11111111-2222-3333-4444-555555555555","connectionAttemptId":null,"subsystem":"native","eventType":"NativeReady","reason":"none","error":"none"}
accept	property-count-32	{"messageType":"command","requestId":"1","sessionId":"11111111-2222-3333-4444-555555555555","command":"Stop","extra0":0,"extra1":1,"extra2":2,"extra3":3,"extra4":4,"extra5":5,"extra6":6,"extra7":7,"extra8":8,"extra9":9,"extra10":10,"extra11":11,"extra12":12,"extra13":13,"extra14":14,"extra15":15,"extra16":16,"extra17":17,"extra18":18,"extra19":19,"extra20":20,"extra21":21,"extra22":22,"extra23":23,"extra24":24,"extra25":25,"extra26":26,"extra27":27}
reject	property-count-33	{"messageType":"command","requestId":"1","sessionId":"11111111-2222-3333-4444-555555555555","command":"Stop","extra0":0,"extra1":1,"extra2":2,"extra3":3,"extra4":4,"extra5":5,"extra6":6,"extra7":7,"extra8":8,"extra9":9,"extra10":10,"extra11":11,"extra12":12,"extra13":13,"extra14":14,"extra15":15,"extra16":16,"extra17":17,"extra18":18,"extra19":19,"extra20":20,"extra21":21,"extra22":22,"extra23":23,"extra24":24,"extra25":25,"extra26":26,"extra27":27,"extra28":28}
accept	optional-string-256	{"messageType":"command","requestId":"1","sessionId":"11111111-2222-3333-4444-555555555555","command":"Stop","futureNote":"xxxxxxxxxxxxxxxxxxxxxxxxxxxxxxxxxxxxxxxxxxxxxxxxxxxxxxxxxxxxxxxxxxxxxxxxxxxxxxxxxxxxxxxxxxxxxxxxxxxxxxxxxxxxxxxxxxxxxxxxxxxxxxxxxxxxxxxxxxxxxxxxxxxxxxxxxxxxxxxxxxxxxxxxxxxxxxxxxxxxxxxxxxxxxxxxxxxxxxxxxxxxxxxxxxxxxxxxxxxxxxxxxxxxxxxxxxxxxxxxxxxxxxxxxxxxxxxx"}
accept	property-name-256	{"messageType":"command","requestId":"1","sessionId":"11111111-2222-3333-4444-555555555555","command":"Stop","aaaaaaaaaaaaaaaaaaaaaaaaaaaaaaaaaaaaaaaaaaaaaaaaaaaaaaaaaaaaaaaaaaaaaaaaaaaaaaaaaaaaaaaaaaaaaaaaaaaaaaaaaaaaaaaaaaaaaaaaaaaaaaaaaaaaaaaaaaaaaaaaaaaaaaaaaaaaaaaaaaaaaaaaaaaaaaaaaaaaaaaaaaaaaaaaaaaaaaaaaaaaaaaaaaaaaaaaaaaaaaaaaaaaaaaaaaaaaaaaaaaaaaaaaaaaaaaa":1}
accept	capability-count-16	{"messageType":"hello","product":"scrcpy-seamless","protocolMajor":1,"protocolMinor":0,"requiredCapabilities":[],"supportedCapabilities":["future0","future1","future2","future3","future4","future5","future6","future7","future8","future9","future10","future11","future12","future13","future14","future15"]}
reject	capability-count-17	{"messageType":"hello","product":"scrcpy-seamless","protocolMajor":1,"protocolMinor":0,"requiredCapabilities":[],"supportedCapabilities":["future0","future1","future2","future3","future4","future5","future6","future7","future8","future9","future10","future11","future12","future13","future14","future15","future16"]}
accept	optional-number-underflow	{"messageType":"command","requestId":"1","sessionId":"11111111-2222-3333-4444-555555555555","command":"Stop","futureNumber":1e-4000}
reject	optional-number-overflow-boundary	{"messageType":"command","requestId":"1","sessionId":"11111111-2222-3333-4444-555555555555","command":"Stop","futureNumber":1.7976931348623159e308}
